pc1_0,pc2_0,pc1_1,pc2_1,pc1_3,pc2_3,pc1_4,pc2_4,pc1_5,pc2_5,pc1_6,pc2_6,pc1_7,pc2_7,pc1_8,pc2_8,pc1_9,pc2_9,pc1_10,pc2_10,pc1_11,pc2_11,pc1_12,pc2_12,pc1_13,pc2_13,pc1_14,pc2_14,pc1_15,pc2_15,pc1_16,pc2_16,pc1_17,pc2_17,pc1_18,pc2_18,pc1_19,pc2_19,pc1_20,pc2_20,pc1_21,pc2_21,pc1_22,pc2_22,pc1_23,pc2_23,pc1_24,pc2_24,pc1_25,pc2_25,pc1_26,pc2_26,pc1_27,pc2_27,pc1_28,pc2_28,pc1_29,pc2_29,pc1_30,pc2_30,pc1_31,pc2_31,pc1_32,pc2_32,pc1_33,pc2_33,pc1_34,pc2_34,pc1_35,pc2_35,pc1_36,pc2_36,pc1_37,pc2_37,pc1_38,pc2_38,pc1_39,pc2_39,pc1_40,pc2_40,pc1_41,pc2_41,pc1_42,pc2_42,pc1_43,pc2_43,pc1_44,pc2_44,pc1_45,pc2_45,pc1_46,pc2_46,pc1_47,pc2_47,pc1_48,pc2_48,pc1_49,pc2_49,pc1_50,pc2_50,pc1_51,pc2_51,pc1_52,pc2_52,pc1_53,pc2_53,pc1_54,pc2_54,pc1_55,pc2_55,pc1_56,pc2_56,pc1_57,pc2_57,pc1_58,pc2_58,pc1_59,pc2_59,pc1_60,pc2_60,pc1_61,pc2_61,pc1_62,pc2_62,pc1_63,pc2_63,pc1_64,pc2_64,pc1_65,pc2_65,pc1_66,pc2_66,pc1_67,pc2_67,pc1_68,pc2_68,pc1_69,pc2_69,pc1_70,pc2_70,pc1_71,pc2_71,pc1_72,pc2_72,pc1_73,pc2_73,pc1_74,pc2_74,pc1_75,pc2_75,pc1_76,pc2_76,pc1_77,pc2_77,bmizscore,gdstatus
-7.49016962452486,-3.83957854624369,-19.636479388691,7.8207819511997,-1.12613322787396,1.7169600647911,0.270035128116938,-0.0267931899753429,0.656013394787836,-3.96224061898899,2.55556970323237,-3.86388552169051,1.25777925561617,-4.70172907400258,2.59535420875777,-1.19398566094552,1.07510782158885,-1.20774459891456,-4.09145928810915,0.109468599784247,4.98500074649575,-0.268590296780749,1.2594879473094,-3.14039490792693,1.83701072960874,-0.127243702859654,2.2090918068544,-4.43892103766246,-4.68944370508757,1.61803182448712,3.39653023501704,-1.95875831625304,-3.29704808426777,1.62341446843487,3.07764762786122,-0.13755306392018,-1.0661658888757,4.624943871023,-1.43388749210483,5.70085589498999,1.27973710706561,-1.76147891825092,3.00203466949449,-2.58713685767333,3.06575867307064,-3.69954718554162,-3.35253387365812,1.5743662256008,2.79886034557985,-2.0734244925492,-0.670546688966272,0.70997827766354,-0.570017854242523,3.15325354720355,-1.52852721283129,2.78762572925255,-0.659734658293547,2.72018824594184,0.982590826809857,-1.53382204037563,-1.18476762870355,-3.45718694603373,-4.62313031364355,0.725181058735841,-0.757154801081755,1.47833823466728,-1.08242245549947,-2.69128066172062,1.06409772076683,-2.93054061055419,1.90526539926503,-3.32844995053431,-2.31901311305321,0.386108815553507,-0.214366108725484,3.50077791384892,-1.25311572674214,4.98016960415248,-2.15457726792776,2.06404773240222,-0.187983809658468,3.32589631636823,1.21742048896428,-1.15990423787537,-1.90704417087645,6.10932705534794,3.83041289350405,-0.335206925092733,2.03263766125436,-1.47679188577889,-0.483802808081704,0.126742988284532,0.216494217129757,-1.79727723196265,-0.396981373558679,4.84562166998187,-2.07858756217277,0.851410327180673,-1.82183200753862,1.02821715715473,0.985322835057069,-2.10521806462666,-2.39191728630602,0.283124608945029,-0.14069944064331,6.80158064065985,0.751840528422012,-3.21045765310445,-3.01364995995069,0.0178340104601227,2.0646671072847,-0.161352568686486,2.21370716703734,-1.457093101573,0.155000187324265,-2.01596502242587,-3.57777333403716,1.67058780445599,-1.2825649090433,-3.81463711530851,2.63305063461736,-1.62908382162686,-2.76849368621527,-3.50330461684439,-3.65943633193755,-1.48993221977661,1.67004145591038,-2.42638146265662,-1.19174497549882,0.774924628264182,-2.40362708018684,0.593982237967903,2.58899383636735,-0.870655681592012,0.908511349696862,-0.396117511358854,-2.72915319546898,5.31835279562897,-2.79493035149477,3.53990553509109,-0.611963685325527,3.63751334315102,-0.153047653623432,5.51213324828416,2.11945739536686,-0.505304538898767,2.61426994866136,-0.944743788567447,0.0936445993908883,-1.8350593430338,2.25657830813771,-1.94049567986698,1.6141739950201,-1.89900052649127,-0.55,1
0.250413462164514,-6.33540686753703,-22.4260038762249,-24.3251329534167,0.877440497572288,-1.65203861255157,9.50122060532286,0.612909747559019,13.2658437557246,-0.869566194022687,5.69380635972767,-2.49698214516277,-11.6829390441487,-0.249068893542111,-3.63483405552584,-4.23572408739202,9.84937031383279,-1.82288182838307,10.8754311426926,5.44674871482125,-5.25800051348356,5.55895445049589,-5.6330625964278,-2.81224137389988,-2.90326303248739,-0.511840463513231,7.6760486404751,-0.651827877452154,7.62267239707664,-1.61075942721682,0.165792648457647,-0.995834155871454,-6.92782204722376,0.830245118334849,11.9565564199737,-0.0734876833329628,-6.41563761399621,0.462153239570241,11.6121648134481,0.561585935701296,-0.758358804662167,-2.58673249492223,-8.91889958040354,1.72316880241539,-8.67278784364256,-1.97581379987798,3.60310561047587,0.905586721417964,2.70715332628696,-1.64044662923984,1.85429025887708,-2.48989674074625,-9.1725797390735,0.870518728626341,5.41491243952256,2.62980223315328,5.97066900986124,2.48950421375317,-11.1464148423395,-0.869876974486714,0.913258354606341,-1.77169658230616,-4.17584679618884,-1.20606464716375,2.32577646798305,1.73051922725094,11.3426334016629,-0.129513645493754,11.2484261419522,1.08617758623909,-9.01805259665269,1.98400813870757,8.89297325503586,2.35723156954855,8.01116034857296,-3.86459872753263,-5.11001370566377,1.26795406819841,8.41610830786046,4.45450196277258,-7.65176386356569,-0.461879581638307,-1.54157284659761,-4.37351925343149,-20.1293630580089,-3.38355046764081,3.5289159857567,-1.54514904236578,-4.21466556227357,3.51713977362248,-3.3480013138379,0.361971238691568,-4.52317789658334,-1.50311007133955,-3.98586819865245,2.22534834304692,-2.31397902481908,1.06011952810146,-4.42381559568962,0.828403314283044,7.12935136763446,3.97189092675815,3.33289792985117,1.91464012701351,15.4346679889549,1.89305550846049,-4.41159470309142,-1.43312302369659,-3.20143408400333,-0.597967829154715,1.9196848263544,1.39660909525236,-8.45587055326639,-5.65565604888538,-4.59624323680249,-0.71488060558369,-4.16652676259501,-0.491311049155236,0.182551892567569,0.179271998612373,-7.27711261646911,3.00802006078834,1.69848532716592,1.88258205655005,-0.451416543193282,-0.604635541743433,-1.26673710466705,-2.04064087380463,7.14058637881455,0.839138106450675,5.70792781926739,-4.71838221445037,-12.1900480052413,-3.11274290297649,-9.41212598743202,0.0515506698111507,-2.63458526232189,-0.844378238301188,11.6049225140094,0.930422943211564,-3.16408733644116,-0.952478002918545,-3.71798660061684,-0.120919745755869,-3.09349765472519,2.06877059165128,-1.71507637414042,-2.056918180721,-4.14738755988492,-2.11028148609847,-1.85590985877704,-1.67837316924289,-4.41057036289624,-0.955338632316623,0.48,0
-5.033524807011,3.1809814597857,53.122147296465,-18.5425684259233,-0.00295722573071273,0.232411740626674,-7.38934937205642,10.287458028287,-3.88102170792721,4.91267596601545,-2.17059476265369,5.62506245699999,2.86235265613591,7.35433867043242,-5.05219678920053,2.92635759842763,-3.15362001719329,6.37183154297631,3.53831666530082,-6.6980119127811,-5.98174464207424,-4.32311404159283,-3.49238031575638,6.8565086724373,-4.34705122403612,-0.185230606874031,-4.3647795559949,3.74559128759159,-1.40172748032569,6.08901488021824,-3.238947956134,5.44675111441817,3.30920097670123,6.98689857397126,-3.68320893879108,-4.30993124276934,5.03362689482331,-9.35822208692491,3.18518352200433,-3.10726139284781,-6.99833140334764,1.55604931591869,-4.71806965554409,-6.02062762605873,-3.24663537418375,5.47600571344088,5.64557134607652,2.50361723790322,-1.91775396553356,0.0974083631937689,1.37334671342909,6.95251096849864,2.92357637622607,-5.9757749280333,1.57820781875781,-6.7815287612089,-0.013409769945019,-4.7073333531655,2.218240591864,-0.177403315019099,8.4577579313745,3.03167829948399,6.68594915985079,4.81335721256204,3.08873036281236,-5.38841242602555,-1.81857327197183,6.26867729306231,-4.2923475978474,3.11943186961583,-2.05973998273233,3.69595374954199,5.90408114938015,-2.03936222032888,-7.48948515037065,-4.57263290579449,1.39454416781166,-6.45057450221447,2.84023365632706,-3.44566705167174,3.95727440216489,-3.65387567061929,-3.31249562099749,3.54373411213649,1.41681798149583,-3.63429149873182,-5.57262645181136,-1.88741335827207,-0.487136157186473,-7.0349348822498,7.02863756032732,-0.0262130648329698,-1.32846215916869,5.96099587081435,-3.28325930058948,-4.36888093429073,3.14284903062194,-4.41072675734553,-1.99196006017355,-3.55652999204359,-4.35097458748519,5.0669718687143,6.47458361899298,0.247955077117842,-3.21846446071738,-0.973011890924357,-0.341464630206949,4.50811656659395,6.9334619405663,2.64206698102078,-4.24412358068424,4.12676743903678,-6.92776804827058,5.72704811358057,-0.141533330874097,3.41929378474436,3.16290871938515,1.27287157903929,7.52192308425223,1.8891835163935,-2.30375441819595,-5.15339352629852,5.24043547761851,-2.23755638435862,5.57967314714795,2.9586782035614,-5.27560191131016,2.68483732064922,1.44554933150399,-1.96193354585144,4.3771902494317,1.71617105870828,-1.71792379343243,2.55082146295567,4.29107982496768,3.57739796873136,5.53642500376277,-4.52409090416043,-1.8112825491379,-2.63637045216577,6.80962751094622,0.888718242655558,1.9803097384133,-2.67670351650649,-0.843280524774763,-5.43649523767495,-3.59125517390712,6.32453162561775,0.250410026792304,4.55714203823735,-2.67747962296385,1.66565100395001,1.67108154987261,2.09990643620825,-0.94,1
2.85524271909913,0.745540074687472,44.4001493560405,86.6798479837899,0.170662813564565,1.74987725124942,-10.7208054217795,-5.6674423953822,-5.77302356228725,1.25345199185782,-5.42890565770246,9.88228595070852,6.66481948927993,5.01280775893395,-3.74710372919413,2.36035565082949,-5.62171850813167,-12.445417265299,1.11986743282293,-4.57771813920525,-1.41076879653282,-4.0317042321446,-7.68632275460147,2.2685116908031,-5.11137522499546,-1.75495455914539,0.534537635689008,12.3978407941342,-0.43994118247403,3.18387790260245,-1.18915085451443,5.17919068340531,4.51163030355435,2.90502775744811,-6.55596791693206,3.687333385834,-5.56796470419518,-7.46485651164385,-2.5841591407166,5.50300795550085,-3.44604710578792,10.68368802916,-3.36103018918509,3.75906742253595,-2.57980831604525,-4.16143367261733,3.21845857494779,-11.4873825283176,-3.59224472152038,12.7784754649781,2.34811845093202,2.51486066227763,-3.71125093708105,-4.91552309768235,1.32484638095649,-2.95288905827172,-2.404628666738,-0.670870923308324,8.81800856275148,-6.1587785886504,2.62710965497802,-4.5669288787291,3.2721736856129,-1.43780343389018,3.88973653427476,-5.93058811492893,-3.48296937306851,0.0646429386784798,-5.76098932167327,2.73923655198785,7.18943748279591,8.87440791163295,3.15796070857871,-5.02642626691994,-6.94600845749043,-0.0988294853334444,0.0480746549448435,-3.62351134461614,4.14097852829898,-5.07508002270837,6.48176382228296,2.99089532094661,2.36641957219586,-0.00690727610146921,3.71696515438445,-4.37914195918775,-3.43158675887982,4.86764285717925,-2.54935395865721,-0.141494732611963,5.64886000769785,-10.9733691700297,1.21621538112024,-5.69306751381084,2.64245942140497,-9.49298218866788,6.0178386113643,2.02197214060789,9.64076370293984,-9.29825176277245,-0.876957039375017,-2.17454355329879,4.03219011802457,-10.3339898495584,-5.26447124281091,3.11474160336201,3.18901474828535,8.50159401655657,6.36322922466066,-1.68865547825476,-2.52263455519091,-0.0485187010605856,1.01576379364326,2.78730262046836,1.19477805752804,7.26797273677463,7.03145659574922,-9.59417711634199,1.23846704184525,8.36734096931754,-2.57912167321497,-10.0406174601209,6.03739142690901,0.53297758185284,4.02256289437388,-2.71356689116687,1.44934465036383,8.20649879831188,-3.95730468247388,-3.19251773630508,1.80878253911937,4.63161299506765,3.88911515217177,-0.22478049734544,2.07858463419365,5.86355150882702,-0.29448175833994,-1.36723168027791,-3.94445013540871,-3.20006509345071,-0.880941687752576,3.51547843829382,5.02810394174538,-2.67337121006404,-4.59357774775833,-1.38182113511283,-1.6283434041732,-1.59851695099276,2.46950636764618,5.06455910125566,-3.65138841754094,-0.83924265425628,2.81054410987186,4.92678413672273,-0.6,1
-7.2144041857707,-3.52902142977128,-32.9778518760541,-3.36416178858953,2.32442915654431,-2.07546976648098,10.3540574635996,-0.230587221338893,8.47152099060421,-1.41750843715926,7.80549469784138,-0.876698031133858,-10.2660772361905,-2.00645765481934,-2.12135259994359,-2.93509672091393,14.3514916849001,-0.505976236423402,-6.36380385398409,1.78235068299808,8.57280849477504,-1.04318750447305,13.4716094406821,1.15767730173553,18.7761454049757,-13.5484325764294,4.92906976786108,-2.11363443133281,-18.0300616951029,-5.20023596351862,6.41967638097361,-1.60689976872889,10.0336751916097,-4.01480673617312,-6.98555976176935,2.71251386984721,8.41373272897977,5.72747059956875,-12.6013397100345,1.92827900026726,-2.68718966963243,-4.71738005098388,6.17474423370732,-1.6766951523837,11.9962961047691,1.35179393121218,-19.1858758032843,0.887376691529881,4.4880305174603,-0.814581386295345,8.6446209071672,-0.737412393959743,6.16637754774846,4.58797249954841,-11.2482728766293,2.3179004253152,-14.8556687013809,1.31377395766268,-9.0612674860585,-0.433505798355241,-12.7253582791769,2.40191161297456,-4.60161526213098,-0.626251649372492,5.28176143025109,3.49337636026412,11.7732431397616,-0.499690553072649,11.9738296560465,0.0498355806509978,8.95213657819108,-4.43027206760084,-3.55488093877607,1.10335663307103,-3.28837578768339,5.3819594476314,-4.93457034677573,1.91852424463391,-3.4741216658428,0.869395852160944,-1.05924107674264,2.30115852597637,11.9743604284729,1.78941860604385,2.73319719884055,2.0306756798544,4.70752257321772,-0.113265629231432,-7.56424749706916,2.83799253111445,-3.08183456793248,-0.0901138580812902,-7.44959122985287,-2.5906175397604,6.1764774568932,1.71116310814433,-5.77297248768988,-1.08270425203612,-3.64208308880778,2.11247401114811,6.87460001331703,2.43161917200265,-7.43014628988739,-1.32229052482819,14.6811811806164,2.16548253554416,-3.61343171626058,-1.20568781640834,-11.6809198380072,2.73323780471569,-6.2353368493096,-1.96466139983744,6.92100914935218,1.05582580323369,11.0412549570414,-2.58714027745547,-7.8222892355282,-1.21953925022119,-10.6639300341345,1.96416462065176,1.74479167903105,2.76849350139969,-7.65308904010366,-0.175455349509245,-8.28138645788252,2.75027208433464,-2.82827310808038,-2.14094152236185,8.75062572747505,1.48285689571084,-6.45632183635564,0.763517386224292,5.89985020724297,-2.03303332303398,1.6358966690646,-1.64492670218438,-5.87874837470578,-0.594061612048032,10.9013406478579,2.41851767335615,-4.78557574342793,0.246056499958835,5.45460659717934,1.81493138439942,-3.50980156842329,1.88990491552374,-3.36722311243545,-1.49810529775737,-5.14009826197255,-1.31880352890359,-6.389153573464,-0.75424045709144,-6.58583455730224,-0.157225281165139,-0.06,0
-5.15376643813258,3.32706395280513,58.2148824999099,-0.423844508823244,-2.69917828207798,0.961384635766415,-9.26669465649464,10.6236084335939,-4.84171347092439,2.01854724005967,-0.113262660334263,9.57568338560175,3.44786889313198,7.07728352388553,-3.18689246564299,3.59046448432545,-1.98722797373819,4.82037838973192,-2.69755652409027,-10.0273751795721,-7.35409286726016,-8.54742611722399,-3.57717212483585,5.4756026818073,-1.72430493419113,-4.21804171517281,-0.329677109357862,8.56330233795578,-5.14215332963576,10.2470796335327,-3.38307419098865,11.4686480810084,2.44118716113773,6.66485220638754,-3.60101251244638,-7.63518365409837,3.27841357941887,-7.46540542300969,-7.73869532738609,-5.96288357964504,-5.95219954140245,8.32231165452073,-5.25889389106921,-5.29931170040633,-1.48567220665105,4.74551204034231,6.22831124496219,-0.48041974051517,-2.89510939454117,6.99143911706961,-1.35985300062565,5.19702083447737,2.15702274233071,-6.42236905805399,-0.110707141970376,-8.07738152263991,0.471478681751307,-5.24895673815377,4.22889447880565,-0.0905470172355834,5.29393730682425,6.58582037822317,3.87586948942729,7.67076015159193,3.26208063788669,-3.77581415834708,-6.52061604624911,3.07838801246173,-6.31376767411529,0.277900198084003,4.13574797809471,1.75763885740946,2.39963915908623,-7.95669985130334,-7.86573105214108,-3.5174614300392,-0.224926135131258,-5.22381433448941,3.58877420327553,-5.36016932987589,4.74789605406754,-5.16241802505739,-2.28611226124434,6.9664935797616,2.6418929768075,-2.95312751266664,-5.24969074589097,-1.4848745225904,-1.43645686808651,-7.71208617083236,7.64796148600817,2.9671970637369,-0.585354317955852,1.58623758465358,0.71685397499771,-5.79658300194103,2.6377943875116,-5.03628032763085,-0.528826439857176,-4.64847504119521,-3.257239659928,1.63400354258673,5.91540095169139,-1.4901994588876,-2.62032249339636,-1.51321400999565,1.12087576374409,1.61761512213527,3.96296341946592,6.93505631973629,-4.73938519584318,3.80277817245017,-3.84578340916213,6.12595690274865,3.06605179053612,5.82089570656913,4.17418801515063,-3.14453937085518,6.27158807803738,2.6681608025015,-0.87127436586065,-2.81941494512161,4.89713912223517,-1.91379250385845,5.0081349563204,2.44285554368514,-4.4273652078808,4.34205269932657,0.980390543381701,-6.75972219706702,5.42222133316024,2.65034016724445,2.70687980924614,2.73410493754475,4.12995463065128,3.3803210488368,3.05919421750571,-4.01224290098527,-1.05320276444488,-4.17767171549044,1.8337049211378,-4.4174690884459,2.54568174735623,-3.8367861683071,-4.45257405350268,-6.25041228971231,-4.60964528027023,1.47198422080001,1.02008209475273,7.34737290774205,-5.8518211889237,1.90036627924427,3.17314292615157,5.2943327426862,-1.64,1
2.57335030750467,0.699837914984423,-22.1014552406931,0.0155423468114015,0.565675018155752,1.6218534938965,10.461148410979,-1.35956971155023,10.0557622994689,-2.36555906287848,4.22703198296475,-0.893362928153927,-3.16691650307217,-3.74944519487408,-3.24017570738726,-4.22416824717074,-3.54776273817383,-1.05547075407345,10.353880371745,2.90190550196949,12.0861177302986,-4.86753686113733,-8.72569122242402,-3.11085636408342,-4.12452693093361,1.38608101796419,7.63300145612961,-1.6099261932541,5.81967986188224,-2.61777502124692,-6.4389349056252,-5.4027666030963,-9.18727994198541,0.767146698509911,-3.08015580887981,2.34109630136431,-6.87259122748649,-1.80960041908028,6.68699182874452,0.576320529769619,10.998911951707,4.55249375601781,5.67132868553605,-0.940255079316032,-7.52033160766549,-2.62798182103294,0.078213439162793,1.06066244020418,5.03292264660229,-0.857677920047969,9.22226900012948,-1.42216354648883,-14.3129298104458,-0.722098143112141,8.87469230704145,1.23063546690619,4.51852568612951,3.42332779961097,8.18129507272951,1.97682492963133,2.4392878833927,-3.33821607590148,-8.34892407264601,1.26265522256577,3.8509771165486,2.75153906699285,4.77939468168129,-0.164370534777799,-3.85617036634124,-1.95373888641918,7.26949632897071,-3.37137451742957,-5.02323692772233,1.38493722277109,4.58843214490873,1.15485751553749,18.2526354618563,0.453960013555315,-4.46233733690225,-1.46140855626877,3.02203386655898,2.85533626394124,9.99088207155117,1.57207681348324,3.87189841332781,1.0109152554817,0.446656495216247,1.8146646157799,4.094332730124,0.908769851470881,-9.6473138054122,0.319045778015746,10.3639374878316,1.58108100382674,9.26458666162351,0.644196181954039,8.82513195487836,3.34009130170477,7.60529393119171,1.9109502961011,7.99479414775689,2.72819925225734,-8.99380633057212,-1.49638792301654,-3.52369165918215,-0.658904810866618,8.78730250739515,-2.33663860587585,0.781227333524441,-3.36530197793132,-7.46991743904375,-2.20102442825408,1.68950107616926,-0.919243359654166,-1.10667413673995,-1.0595791006735,6.51236840726694,1.98064649719272,-7.34556846412697,0.465539361420988,-0.702125762088621,1.17087384842134,-7.53372247151858,-0.868627937246377,-4.6216052287382,1.87997496172272,12.5546813172205,1.5296769058599,0.329808271363035,0.827040482155888,-5.72353126816121,1.07768498708534,4.79467669198983,-0.907514067909779,-7.47306478426247,1.29026239102656,-3.02204021971514,0.969171661304634,-4.933265405903,2.86059998474013,-2.848448280873,-0.242264992117962,5.87328854872195,2.58434542970314,1.64350038332049,1.47913744065593,-3.00011560512153,-2.13421374177927,-1.02314778058765,-0.81146095946522,7.76559782400626,1.58704293524168,1.7304126477122,-0.0553921509390343,-1.27,0
1.81905414455493,1.09080792995181,38.2351954701322,-17.417880256986,-1.81776778565702,0.697409053952623,-4.64583063386069,6.64464837075248,-2.06901461197646,7.15832993833569,1.77828735767269,2.43122772228441,0.0332135712086704,8.65251385537565,-4.49430761281772,2.44630202083951,0.0162144890933084,5.13517706629601,-0.241628587879349,-5.78235524007407,-5.07349482291784,-3.63896720786532,-0.225025242101039,5.18967972988812,-1.75359801101764,-3.25535233893866,-1.0754447786506,4.34164810410736,1.53335545459003,3.35439931399278,-2.62585839049887,5.3825766223172,3.05606256939946,3.7342809632796,-1.70032220605061,-5.47229715842026,3.3148448980077,-0.618297698789359,-1.78573458229894,-4.55267770239255,-7.16371099989315,4.08893539487013,-3.24430642498183,-4.95245320202465,-1.17836256081788,7.43207995130251,2.02134079146997,2.77687517482583,1.13732295800892,-0.990927285039329,-2.56235428629764,3.29620257837957,2.38144417211578,-3.6730774214152,0.497546580493086,-6.75295029630287,-1.88402172094846,-7.08184434233475,1.70428242154013,-0.678386399744761,5.86304008949199,5.30208304305567,4.03064595962133,3.0526189625383,1.36827539813235,-4.66068559849996,-1.30061923533994,2.79103623960147,-3.33003293256495,1.17134798602853,-0.0309256710442252,-0.871049459534612,-0.738013612770254,-3.9713548381529,-4.82398875801628,-1.28562575094774,0.761995097242013,-2.88094881323081,2.10092211387405,-3.60324597765292,1.79039460920067,-6.15034162894451,-1.99192955251665,4.85416610569023,1.21189991824747,-4.13611038771669,-5.71733145225827,-1.62149347870291,-1.62670038835182,-4.91507281064455,5.39616917835273,3.33575210774721,-2.49373172300825,4.57018150991073,-2.0804402623154,-1.60546679668099,2.15847364300498,-4.98725719704587,-0.690544085590237,-2.09950863779052,-4.33713037145765,5.29616616372146,3.83504475941788,-1.00099228085,2.13456858634993,-6.59928376549563,-0.793397136006267,2.61476558320248,4.8582092918552,0.526465377496271,-3.85440295267965,2.57946370006269,-3.91607917299963,3.68059870573407,0.721230137852818,6.24720274795978,2.14692100170546,-0.893753985619429,4.8418325417041,1.45103980670395,0.138274684663034,-0.62150209635291,4.12011637864532,-0.638809815378493,1.97997881718929,1.66746523173688,-3.50224979090408,2.01935144634868,0.91425277722973,-4.945782309556,3.79669113071502,4.92740524017321,-1.62489838953901,5.47124070267574,3.05617221974218,2.7443323798806,3.11924898885397,-2.70717858060467,-1.69690538718279,0.27754006142928,2.79036573691553,-3.78897073382594,0.45629286923514,-2.56739769865327,-3.04845574855853,-3.12228756423797,-2.89544526559243,0.938217085344662,-4.61376842228138,0.855860847331445,-1.8055194056632,1.65822852172324,-0.235087370811314,3.08014413086059,-0.84,1
-4.75998332626721,3.33734571502098,-15.8405178617781,-4.24862782093957,-0.0526164399598911,0.295550460014167,4.85613018407377,0.903285166707326,0.828850408870709,-1.35167078825678,0.974893399958888,0.773409680876431,-0.124473544836538,-1.49801826053525,5.47171740517719,-2.0045926542558,-0.00479443498450872,1.74762229147955,-2.23586477327381,-0.348025938624655,2.4624136480131,1.49106675733949,2.50810053463755,0.897840790168931,-1.44720830277514,-0.183119353452278,1.49501906709823,-2.61122248708154,-2.93925472505509,1.60592014565445,1.45421535560773,-2.21184359461096,-2.80813179003777,-1.6723641591567,4.6780292432636,0.00354350679084315,-1.29158378480645,-0.23008679018102,2.22825884970185,0.0225594527269338,2.50017067082737,-3.20587404790433,0.502643426698587,-0.654106363065565,1.88395548964909,-1.70148834189259,-1.98679658526167,2.05780854139498,-0.468628496993942,-0.0871952572753714,-1.7569430151785,-1.32802389993628,0.649159852377082,1.48567277073662,-0.0370366304039377,1.99874341031905,0.479797879204904,0.639230682545663,-0.828190588840976,-2.93049540260405,-1.367641078285,-2.59788901175144,-2.13454064365654,-1.05290955145392,-0.857207196457336,0.264841883228821,-1.32440430536371,-5.14318786766131,1.43423229812179,-2.27777494151458,-1.31060927380874,-2.02855717943853,-0.352974287707326,2.15731672861413,2.42090717783718,2.71977861627306,1.28326992306769,0.0115061821966004,-2.54911873066263,2.179777552235,-2.70546990253007,0.0494374910288771,0.126875994896032,1.26867685272334,1.33180424026,0.697085173686521,2.67628185647221,0.180894398936735,0.981754247074723,2.07646056233872,-2.17762277957557,0.49116289337935,-0.92045066270343,-1.33648168684238,-3.19308057729846,2.17948698433437,-0.607820783664392,-1.06256128110767,-1.84659152813011,2.54270352207346,1.46955098990445,-0.175375457133677,-1.97279208603213,0.553594494326329,-1.04038711547081,-0.906051215962153,-1.62632836793226,-4.74903747414901,-2.28581295836348,1.25282204298184,-0.248206538064617,-1.38884090846534,1.37643422980128,-1.25729849385859,-0.925150922345917,-1.9846027512495,-1.08915866156898,2.37851148877752,-0.956769111773812,-1.89102156379388,0.537967216228759,-0.0168136011414115,-1.63511401277733,0.829573336236145,-1.18500400226349,0.0385783327288235,0.821159871636566,-1.79113709103699,0.702719497086772,2.18517986609107,-0.409082571570277,-2.37213188779759,0.299744765123759,-0.107900695291671,-0.60519476343378,0.791826074193041,-2.24954623793954,0.831880956312459,-3.360085945058,2.10708630691321,-1.19439533711215,-1.63436355516744,-2.23970482611631,2.51007329618844,1.92777027970755,0.290355511998745,1.72439545710107,2.69348099572925,-0.0452410644297409,0.108373648772555,3.46483136164691,-1.77267599019066,0.0305835239501323,1.37001914059088,-0.02,1
-1.39996990391843,2.10679979370524,5.09107388595073,-10.9158251989146,-0.0729111768798549,0.975183536051934,0.939147784989672,3.64348944051002,0.07331187105147,3.38637922384927,0.692070842672317,-1.37996006922374,-4.0561187723815,0.546518176738293,-1.69186223414934,-2.35778493954568,1.39161323895774,2.82148005372479,1.98067599285329,1.59742972410516,-0.906504240732605,1.38587182195344,0.93538976404061,2.73769091081783,1.25017913559587,1.35087442397517,0.559941278125992,2.6197422302087,1.03942517781107,1.85485327596408,0.0127077615065161,1.86923780528376,-0.226699417568085,-0.454446085007716,-2.45908772987748,-0.543439304084956,0.361385054237394,-4.64563135300306,0.826791192543436,-0.876781795377859,-0.643966110112231,0.0831009592659206,0.90149631237858,0.0418905261406476,0.0315597757661353,1.01069778082788,1.04556392261022,-1.23530584037082,1.19265892755533,0.233530432948508,0.615189812409694,3.17854429212625,-0.0981524494930599,-1.19272138416772,-1.42043147788772,-1.71246353900078,-1.15658174459374,-1.47105996568245,1.86802062321478,-1.86841836527591,2.01079480357014,-0.958565605680822,0.516698891835519,0.991675150886038,-0.0126500882058128,0.867194287939264,-0.554842583784934,1.75486515797982,0.189407668620525,-2.14723263205892,-1.16447015756787,-0.379658588129403,1.34726212746365,1.57975756068921,-1.49502392356195,-2.23029357877914,-3.53599124392121,-1.0647228413734,-1.6403390445544,-0.682550489653177,-0.431116569168853,-2.93579885915737,1.27067886416148,1.90503644201291,-1.12125668168839,-1.61592301757917,0.157779337804003,-0.970689609820538,-1.66595709124144,0.606870819786709,-0.657379987214455,-0.514347374142905,-0.718879408107694,3.11587651438718,-1.7022491236072,-1.51345165209883,-0.408131957209969,0.0228755381811943,-1.14746249115942,1.43801855401374,1.08329262708269,-2.49615176587082,2.30469500778313,0.239480460886636,-0.564812164234222,-1.66669253330579,0.124076962128207,-5.41149945927167,0.918520908524865,0.621982186073287,2.15465577111222,-0.884633606112966,-2.7999194797016,-3.67490625241983,-0.172700890178271,0.854557016903981,-0.1005376690876,1.8088851908639,0.388514337854359,-2.70234103536662,-0.720286861975962,1.85674556632415,0.418802785988036,2.87066679417056,0.739174695972205,-0.920133255283012,-1.87988406139545,1.97977279408619,0.981261568854232,-0.309683916978885,2.33869738048633,-1.37837674744034,-0.24102970185778,-1.53412052344838,-2.22608805373245,1.52495881544494,2.58653829194323,0.440298872295142,-0.295989211015506,-0.315342733125495,-1.53516126876488,-2.91387559915752,-0.815940860394064,-2.14746718476805,-1.93770384412101,0.0316453530380884,-3.33939546648624,-0.640372248770539,-2.14795329992164,-0.677509852249558,-1.01454156418031,-1.98201209779795,2.18463075373043,-2.38369371152156,-0.2,1
2.33462530576595,0.862912607785419,-29.9221470776753,42.2683985427606,-2.47767052523778,-1.2182558574405,1.61042288498729,-13.4297161426681,-2.47027249897442,-3.74238443060098,-1.53632846374575,-7.51390429833452,-0.125826998193758,-7.42307326687478,2.62377052549156,-6.00817286825823,-2.52660980026643,-4.92310573305843,-2.99181048240171,1.19381075675646,1.23451835313244,-2.82603483388936,0.912189480615887,-8.68484791541804,-2.14236346311925,-1.53899019220378,-1.03201817190985,-6.00109980179323,-3.52890750572838,-7.84950816424765,1.7138741016219,3.82040949461557,-3.65379233373166,-3.85138454053848,6.39366230056437,4.35027362370083,0.3668215172872,10.0074780854819,-2.26085987959929,6.1202370674353,4.64550911530142,-5.92256949735638,5.5601390189819,7.52748752951926,1.20507897312173,-1.73441700107802,-2.86356688849175,2.34440992946956,1.97953759674613,-7.22656600643238,-1.85165058860728,-7.11551578736538,-0.782518834500889,5.64328368563068,2.1913117077149,2.56506522436849,2.48610487340919,1.10072493128567,1.26638183299258,-3.88291322122392,-4.77509137073892,5.78560224552341,-2.65893029089183,-3.94919570996726,-3.93157084368734,4.79231889281099,-2.04049982749093,-7.61855491992274,2.82799028326879,4.53802892456647,2.45377765188343,0.718290819499111,-3.20100766375393,-1.47643334753776,1.89200702095788,6.44413203659461,6.5408749667075,6.76158124644527,-0.471778758151816,-3.2023290659962,-0.202064624627496,6.76274779956744,6.97657564337246,2.1664656531676,2.72795706814801,1.00253739800489,1.53830182349096,1.92817213230332,-0.526194955727743,1.72454851157696,-2.98360058167107,5.6754554552991,2.41972075595514,-8.50460767970687,4.49114221698279,2.02323984155558,-1.63733333253327,-0.328634383699517,-0.503897452942229,6.24594906752477,4.27367420543937,-9.06653159237338,-3.16801512921789,7.69714829371985,-1.40476392699723,4.67453697590177,-0.423422798597262,-0.659793940365799,-4.3248163317545,-5.15682345194293,-0.0115336154121063,-8.99540798131246,3.5848345031016,-1.17721852734307,-0.952219654836055,-2.14927967270359,1.41702006221258,-2.23703679082235,-0.205264203889308,2.00489491063744,2.23229984602075,-4.16846608965232,-1.39990717963153,9.57816030674152,-4.73551030706666,-5.70514778835871,1.8585791299983,-5.54354620060586,-1.88226714668314,1.98129559287195,-0.171562805471098,-2.86918358197497,2.78513389120395,-1.6895752910705,-0.0896858943589894,-4.23324153058608,-3.80113029717818,-1.27732785017979,-3.50414652963927,-0.676102510645387,0.847757699388791,4.4973239616597,-2.1213383162146,0.948527967190851,-0.22574064712056,3.69826516804951,2.56885244012624,-5.14530141760717,-0.0321654712575289,-3.28116680337854,0.645537255817493,-6.48842739775508,-2.75155253836776,3.26382960597318,0.02,1
2.73054925507004,0.80907757353341,-0.190293739943953,-14.3198106551373,-2.66253871661871,0.258634208177957,2.04859162329067,1.74426040584908,7.13848016258234,-0.979011805807685,1.92028005307048,-1.12374019318753,-2.30489727324781,-0.370344754554415,0.387821451888571,0.536559804438323,0.550304082327903,2.09673524414102,3.77775386179261,1.03149467069184,-2.37675478422957,-0.0665750677593157,2.51786596413576,-0.420200630455746,0.573026744160646,1.71215933663764,3.38132084840074,-0.649772920590923,4.80328382705006,-0.72454370982556,-3.81505557984264,-1.7172196543391,-2.97722620500506,0.0489794122507495,3.16872911749644,-0.745519198779088,3.60783652990268,-0.0150380700863219,5.34847199090133,-0.0178605831084939,-2.48556211065273,-3.40706003913352,7.69078531245909,-2.35441767227029,-2.01137534157512,1.02148935284392,2.70796884844278,0.842567600281502,3.74635017202055,-0.680528671891815,-5.61526810054781,-1.99527528552685,1.07654859746664,-2.33832163694833,-6.74579965625175,-0.038299816918809,5.97840534730484,0.559653578559645,-1.11309889785504,-1.02455672257284,4.03490411682378,-2.52216045167195,-3.8911059169226,2.40302288861067,-0.487334396390999,-1.06577666430564,-6.26981323928809,-1.58351340142396,0.712475562361472,-1.28632671117795,-2.11263800278327,1.73429341893025,-1.67168295312329,-0.106873886600583,-5.49236329805211,2.97817126101583,-1.75422363421794,-0.127271750317879,-4.09611573202625,-1.11559657338339,-1.62658606836805,-1.33582074303096,-2.88647780412488,-1.15374610813036,2.77462705835913,1.59699157963377,-6.7997503468769,2.12986477246637,0.322662443980582,0.327303616750971,3.17757894605737,0.483956674255311,-1.23964219117662,0.315739888135762,-5.81006130798493,0.726672155487237,3.03581789696201,0.551740304485895,-5.1970029747443,0.134276145017378,0.252749020478625,0.819252530171563,2.01872961519104,2.21046985049412,-2.06653623015664,-1.65856657522692,-4.80601034268466,-1.56817445446541,0.143256669699489,-0.434382321751553,-4.54763211192602,-1.67102949452025,-6.84233581298912,-3.20058251439782,3.2720652332208,-0.440819412677112,-5.34028494262563,0.985229420395187,4.81275444366117,-1.07405517958171,5.17258092502451,0.453350143436307,-2.09512598222853,-1.21569861289805,4.65610091951599,-1.68465493956248,-3.63868155151835,-2.19481324160325,4.66170307465392,0.0109272590913219,3.26450644217865,-2.38759285987936,0.689090866693149,-0.931750730527097,3.1506765312679,-1.07996755912438,4.89286883177696,3.60815314266254,-4.74901718654773,2.86373259704501,12.7206325748045,4.51806591437009,-3.32504747288509,0.701194351997883,-1.87974266333583,1.53580192605509,-1.57650988840423,-0.435089105471087,-4.60520583295688,-2.03615260929122,3.3990152466919,0.310029297767233,5.66784054981188,-0.659263538350188,-0.44,0
2.50844233783447,0.835289310682965,-48.23539768761,-2.27131542999241,1.08375493561674,1.53633058843084,5.06975353810826,-6.2539162428726,5.63652430893393,-6.41028072907001,0.201075420050407,-6.17352194588594,-3.27266936589504,-4.79074569241706,6.52684444761,-2.73685784679725,5.05048482140505,-2.90205788179873,0.488761186902976,7.35993251993622,5.65815410851484,3.40191489149293,2.37238560984751,-6.53543764415224,2.1256287892212,-2.10381130841473,2.97248485968942,-2.85134959592561,3.41638112083678,-3.57626080926298,3.02048312131542,-5.26853276829147,-6.30169791201337,-3.56393864903087,5.07660242116402,4.47742351773042,-3.20682721608038,2.483374837088,2.94338889213228,4.36524350473093,6.73883456144255,-3.70479607065158,4.1472194717096,2.56037008282436,0.314295396286518,-5.32811366381315,-8.63833575566387,-3.67887723632621,1.90069845343938,-3.12591932048641,-1.42203267329097,-7.26295404479637,-2.4699791525405,8.4852860372587,0.811459869140445,5.50375270067107,0.815046369385529,7.66362059307134,-2.26239384226943,5.2826367118449,-4.54200220246109,-1.72071023674571,-4.25559904844687,-2.51878344071846,-5.96214333602261,3.98405671392432,5.46446122009669,0.775084853492602,5.09644828331808,-3.1126268964954,-3.76489646302907,-6.15838945148042,-0.990555472264379,5.43670855813846,5.59687637914049,0.277100678168141,1.94802062839802,3.26801837917936,-2.22786961315652,6.81012265488892,-5.33613087568711,3.289823767992,3.56047722710422,-2.96220333224682,-3.37606363544287,3.72879214522738,4.30007703233463,0.345813586430753,0.956651582020979,3.60947534012245,-6.48949282928189,1.25013314502129,2.63220020098788,-1.5930383855911,2.03211648633465,3.77386201449017,-2.34225687491946,6.75386049530066,2.09356887232019,2.39677900763085,5.18973946131176,-0.654172870340323,-5.04325071079393,-1.30443454966565,0.556566412430634,-0.712450865018382,0.509464628319886,-5.4383802226144,-6.5555606729,-1.25558785532196,3.93887840752073,-2.5117863895843,1.43446066375807,-4.97560280526196,-0.699611168376552,-6.06894935304871,-2.17178002112278,4.52929942505309,-5.39222601123767,0.271702131973219,3.71412001969118,3.68846743793942,-5.84435712839564,0.256993196391946,-4.54123600362575,-0.488165462542507,3.16036937000212,-1.82746206254585,0.177375245039385,3.59706326268639,-2.1704472309956,-4.47554328125772,-2.07568285015425,-1.93334504039018,-2.23644308040832,-1.65702939361315,-2.42309399366301,3.1709057872008,5.00166540874382,2.80632758237468,-1.40983248210543,3.13160737571179,-0.539604896047328,3.59946787948013,4.84391728566376,-0.864147514574278,3.13202582034875,-4.60127967178425,1.8564091858591,-3.44501492427768,3.30288221166869,-0.184566517632978,-2.59489409420571,-1.94824876710841,-0.66,1
-4.41859019966783,2.97635672290352,-1.36363942834507,25.5775228411146,-0.164913584348307,0.883949144862291,4.16775368246547,-0.208812242886549,-26.8461179477872,-5.10875544612342,-30.691514253403,-2.84267891437327,12.9214159209556,-3.45208291143244,-3.89360984702219,-2.94205447883658,6.37792115673665,-1.57163008803229,-16.100217467406,3.38218923855239,-11.5686535939165,8.2708338791351,-11.0652707735998,-2.52870717207664,-5.38842448648015,3.25169081167555,-19.4393836603239,-3.7798217714446,-17.0510739138208,-4.47933014979078,-10.3066694612121,-4.34399998334413,10.3994722192016,-3.850469014441,-9.62453372236322,5.5231317778519,-10.2097507973713,-0.368710116141853,-11.1201809174849,0.82018404365905,15.051386800932,4.92528961250182,-12.6028140941077,2.10080062942647,-10.0079114325906,-1.43202516484776,8.5483549544313,1.05065071133558,5.33647361516888,0.353912257475547,12.0412553008408,-2.29148680403648,8.33652387107666,3.17376927727494,-10.3883427446327,1.77905036726254,7.204799866235,2.37520022977148,13.4464462131312,4.67455090596461,-14.5744182131085,2.28091013766356,-6.40463590589346,0.639635234338617,6.40487417487493,3.54627603815456,-12.3784321946681,0.344292283778641,-8.0165912504414,-2.91346394082113,4.55829530814811,-2.26088742560381,16.7266882194697,2.91283689086399,13.8169084566602,-2.89939001215451,-4.832921683064,0.86740140682881,-7.13686034042296,-0.654628862927961,-12.6908739274711,-2.18531856027975,-4.55402471931973,-4.97898730188,2.30798890365429,2.02621473006084,-12.1382561510307,3.86021837832888,-13.5433841028335,1.84640121974221,8.89638660075813,-0.563665965993455,-6.4354340550045,-2.23605521572577,13.0790728420019,-0.885129570807889,-6.30976200719841,-1.23358636751805,17.3596342564254,3.68940957035059,-11.9767776529721,-1.50539527293814,6.21558479223787,3.86563220488306,-4.87863072507291,-1.19714881796257,-6.09909671905103,-0.401267003956398,-3.08593287670439,0.0323128124964011,-8.38153136310821,-3.02637764290135,7.39934378597698,1.04772928135953,-10.8181631624149,-0.860392305568836,12.1823535633028,3.96110861634873,-9.26084213736834,1.56184728374112,8.69910990400837,0.992250456239768,6.65106475950732,1.56939074893517,11.0614038980149,-4.72752280174445,-5.0996011076724,-2.48788306439316,-6.55015265897471,1.76861520725273,-10.7403287126017,1.6699256670254,4.62812355596462,-2.16614559445305,-1.51062465346872,-0.914733687776027,0.400724694535584,0.88792426590163,-4.87153218594968,2.69642790745966,-3.92122919040369,-0.105203412957728,-7.86530005135703,0.310229615906335,9.41889277488121,-1.71021557105145,10.50348870931,2.35565166718373,14.3891425172947,-1.57266832719145,-4.13632209841268,-1.8150067811868,-7.40673486990319,-0.470946118817193,-2.22,0
0.153522522376814,-5.52895283773257,14.5237197726467,30.9450295706567,-0.527879435620893,0.108312120611718,-6.98229683112203,-1.93476632614699,-6.52342381305999,-0.662690579372801,0.475593580186529,5.05029944860229,7.71739580775087,0.50015077599477,-0.267746374431075,1.82161320980643,-1.20588771033986,1.44897045516057,-5.87956291298346,-4.57807039216648,1.98978890535883,-2.42393148317675,0.62630220346807,-3.43374504299436,-2.23548345739123,-3.07632305987664,1.64127026582529,1.54523707606496,-3.47788505718199,-1.57731251839486,1.19066253958801,0.0242226808496328,2.74928408153511,1.08719560512874,-0.282315269220489,-1.98864961800322,-3.67738586141876,-2.69590153471753,-5.29181410011364,3.11795447839837,-0.96715752581128,-0.532187479707364,0.860808052350335,0.0185527330048385,-0.0874101542284394,-2.03021482530025,-2.07784703555584,3.24899558311278,1.66186406929179,4.4768830756717,-0.976754004271892,3.55900947435476,6.00446589519452,-2.54148710713631,0.160735174592172,-1.91815856675039,-3.05026072355673,2.94653600953324,3.55557257130852,-1.70194973401757,2.59230790427739,-1.11267454277212,2.60361986106307,0.861523950311134,-0.478990144330653,1.57522416237246,-5.99860858950003,-3.37314008616517,2.83896193796846,2.8237570748817,3.40206924926579,7.33340082303185,-3.15349214013404,-2.16211192926778,-2.43206985102578,-3.54744165064292,-0.562826474813924,1.12266098928821,2.89390790419853,-2.947750559666,3.29709404823338,1.57997957294873,-3.10339567829167,4.30711574410101,2.47280502481138,-1.35149048308566,-0.704546020224809,-0.526166348853425,-1.80493568943681,-0.516890483945357,1.56994536526897,2.69305713722273,1.00064500516734,-3.20841995553776,0.948898637758988,-4.54335164105255,0.506712653725633,-2.50113093810564,1.57287477702378,-0.314888186877368,-0.813487175585886,2.90790639392157,0.342995166811591,-1.02855035639351,0.201504280887188,6.90296544386924,1.59789656610562,0.969162125242979,0.839251209845302,4.35447068255329,-2.00366659394101,0.635130299912601,1.9211754415432,3.04664955717623,4.87568237889768,-2.5377374052009,-2.11511121145686,-2.03896671315221,-1.0398197667656,1.83008008140816,0.0617133411115241,0.602642930148748,1.08192035358818,0.187795215292703,-0.509364466888562,-4.35340420621749,-1.17398192997653,-0.534599637096706,-1.33008657980319,-2.4113898719907,-0.616754441611812,1.34461391873711,3.07941268015561,0.530610270647583,1.90966476818209,-2.72336032831467,-1.53335669055355,-0.450324143040782,-1.49936431029965,-1.35650850414056,-1.09104750921159,0.435186607312825,1.3241916638741,-2.7358462509072,-1.01029589948509,-0.725506403229356,-0.0396026750390198,1.41620094993771,5.1998830788357,4.35342186321499,-2.63951891025309,-1.20434868734287,0.416081874466833,-4.19485761776988,0.57,1
2.79418884083148,0.773304177129255,-18.0350060731123,6.5156254124091,1.15066532226743,1.54818828619754,1.16467465714197,-4.58037407162464,1.12676201661208,-2.16259093895647,-3.04755338403584,-3.86291159460769,-2.878154164222,-1.80204479437614,2.73443327303265,-2.34032168128302,1.21755725177634,-2.28454882127806,-1.49587678448417,1.11835245793175,0.803920055956084,5.81382637164373,-2.4829661973202,-3.59770695184941,-0.190345952083356,-2.22672556883888,0.0740631211016319,-2.30799738617312,-1.21743114639448,-2.01868592903269,-0.410665809162975,-4.99020436443294,0.358094201322937,-5.6876667924046,1.93641539710397,1.05907884319556,-1.35783396228953,2.45548590253771,0.45701101195833,-0.0915060721486849,3.81319534403059,-1.19377397840998,-1.50001053429605,6.39696479651469,-3.05985801534614,-4.37911493949246,-0.092282465904055,-0.765044763010676,0.219051204715101,-0.540056274877441,2.27382619833546,-3.81743496467239,-3.23828099172816,-1.67203481582514,0.967667790203169,2.26379424054104,0.5993245692427,2.83520785053983,-0.21119596075207,4.5035151767122,-2.43990778889219,-3.51636103442098,-0.853236387404702,-0.811167970480199,-0.275816006070143,0.75836541776673,0.436576101178143,0.0736498099583045,0.227339743011734,-4.01285512375644,2.23770278909058,-4.72444716139748,1.88509637659519,3.11004323573385,2.78962692232253,0.811327943230855,2.20232393234069,3.51180459184296,2.22167184032868,4.87651689455172,-0.550233710415028,2.28912876816706,3.8205478552613,-1.21274472066298,-4.10840726418789,2.89451175069778,1.47281288022948,3.52701057277346,-1.05577159928074,2.78016461953669,-1.36682736150058,-1.59402381801164,1.95551903989218,0.666365023272247,3.33254431921797,1.78011303751474,0.47513644367422,7.50847847752402,1.826140321728,0.51296312175902,0.99443792286064,-3.02206856753915,-2.89746023858324,-0.237419741305203,-0.360714814581148,-0.597857162746001,0.95813302918917,-1.24531386497087,-2.44873959808657,0.14398565590792,1.44975773983964,-1.90909266864653,1.28069794349619,-1.16659074721339,-1.05739100913141,-1.86548166291898,-0.472789610034559,-0.707261978510694,-1.61373460039999,-0.59119550368888,0.272060047851202,-0.683477979139957,-2.07832946492684,-1.11707468235374,-0.444843361023114,1.01812222709714,1.88581604781394,1.87969422131711,0.812130479372094,3.48985217806731,0.951762171981848,-2.86533347277721,-3.11639761316304,2.36783810528217,-1.37768671474022,1.80714846391153,-1.74653601911141,-0.53959428831761,2.22670874255478,-3.63377991671014,-1.04065170522986,4.66458304354969,-2.95076564540615,1.63753201185396,1.24705958414587,3.56047783970954,0.446015874113189,-3.51443406959449,0.978336705325805,0.547998835689074,0.981571959554712,-0.49224446434291,0.154214375060115,-2.45802554280506,-1.16,1
2.68099702045333,0.684699368583048,-20.0974745692787,-14.0294896834213,2.69642824096145,-0.282764413159811,2.45448878733032,-3.3823058141682,6.74314800682243,-0.931850818611617,-2.0235800920619,-8.75034024146831,-2.48429689801921,1.02291795855986,-0.655748695036382,-0.648046569440462,2.83624024726264,-0.813963862948879,3.87013414678493,4.13430952409088,1.14839750318612,5.153583585155,-1.81034208531232,-2.30993897502629,9.48703280356562,5.02209853412144,0.656960762743103,0.0444092462390752,4.1662158749882,-2.90054341510854,-3.00062249358545,-2.0400550907574,-3.71931696002582,1.80561821894471,2.76038252433968,2.75351093783775,0.691158377087492,4.11695069415278,7.73036896299838,1.54242146951547,-1.56287911082205,-1.27162952161533,0.507683110009599,1.94290309645331,-2.47015198741177,-3.58769590179929,-2.03978433280299,1.57943310194062,-0.153278395423189,2.80881656618373,0.282219470001395,-5.48932484173793,-6.43670829038915,0.647538879748474,-0.0752365913708071,4.62715479787034,0.427632578422151,2.28178985891446,-2.71096040575105,3.37634631286494,-1.25407943284551,-2.60178087885727,-1.67450452549754,2.34163407355154,-0.0366344288867689,1.24551570383671,3.77086665710643,2.11688254850921,-0.390418490552097,-1.54164743234261,-2.55509388465299,-2.12392519587578,3.39599739892892,4.42277807368634,2.94889490960999,-2.49824336254799,2.04712484726835,4.07917130013667,-0.191911081624133,4.51523480204508,-0.281162561997007,0.117385805658693,4.14525510195158,-0.928271147602796,-5.30335092086063,1.13145890963843,1.87077536917405,6.28830329829976,-1.09249505419593,1.61760097806868,-0.852759304748279,-4.19707512970164,4.5498331063559,-2.06308386475244,3.43745584964684,1.89936215895039,0.884154220485011,3.78348346816986,0.107536307383884,2.47021411734208,2.61611599532877,-2.02766444250458,1.17820498768439,1.64352347073704,2.42119621983129,-2.1194138833985,-2.22127548855396,-0.124350407244041,-0.853375118376473,0.00624938666319545,3.10111415066868,-5.66232791295177,-2.22851513540373,-3.91610280968781,-3.01553203685376,-2.18761519138734,-1.33015990811144,-0.401567739157741,1.12845247700457,-4.90681453146685,-0.319856369554499,3.64627868923253,-4.28626130410302,-1.66746550616089,0.184362543205524,0.332324698060602,2.61136679062335,-0.599853203992293,0.310713325433653,3.57572008594324,-0.0439025233482518,-1.49004645745888,-3.36635707556564,-3.35129426272187,-4.28946994947149,0.0644624966012611,0.229764839722349,3.58031594497726,1.22259889768381,-2.2325547209146,1.54020622046852,1.19478616529517,0.950377595757728,-0.485736112491188,-1.44996630449566,2.17750091970441,0.54107142434202,-0.0117338639507462,0.858951133977194,-5.43183594676126,0.397724435596993,-0.715236695102136,-2.0178075283617,2.56110767401473,0.38,1
2.37845412578101,0.85993732231042,33.5154637840363,-19.724752035324,-1.08272734639354,-0.907639683999202,-1.00737033638656,5.87147787601458,1.50737785352922,4.49823403820103,0.956485756864688,3.13893974357423,-3.62739554574546,1.98253168072292,-5.45688335920083,5.06441390461234,-2.22077212653626,2.26126417944115,4.57722897272945,-4.52616239140433,-5.92191068199423,-2.3935599110163,0.309844161702146,4.06594742757015,-0.374603123619649,-0.220549502000252,-0.901244626806857,3.78953071835237,2.30309024215171,3.15698621034407,-2.39020735133147,3.56541647216089,3.70431385670978,3.89885940300945,-0.450707878763243,-3.75612947816134,4.35551046066945,-2.45916881216865,0.627598762157392,-2.17781333599144,-6.05100455896103,0.674732368279609,0.091928215198454,-2.32312418636383,-1.42307171251296,4.0734881474271,4.47231089050342,1.10601095303712,-3.92009039336343,2.80148118664047,-1.28996826177538,5.78976609281901,0.0204422326634424,-4.78845955321204,-1.41873172280031,-5.20888733686819,0.193789284493778,-3.83173183047236,-1.45395897317258,2.13613654052154,5.23663044592851,1.30905010516814,5.49631448481624,2.91225168671475,-0.475880560528079,-6.78779105580792,-0.901432368096483,4.49968221728617,-3.73312412531689,3.79283920211567,-2.53026421698699,-2.73648868678305,1.03133938580416,-4.86986595284026,-3.43138117906443,-3.94732043109981,0.398601944608777,-3.46769989194992,2.5176751071391,-3.2799921884176,0.764760286084126,-6.12530286632247,-3.91034994934924,2.31105473292178,0.584018754559094,-2.91791919258952,-3.6216278165553,-2.90417423710857,0.913371835443555,-1.82310437112087,4.93622836587524,1.57703989835514,-0.611169505715469,5.76302922846437,-3.76953037427244,-4.9376678584611,2.52659122309793,-4.10876154703907,-1.19045437647864,-3.12276071256001,-1.31067383204234,2.04679259601844,4.25620662330722,0.0344862371287297,0.428064615549446,-2.67598262265657,-1.48476940529331,2.87339326189002,2.58452415744186,1.36896183850924,-1.66831401896719,4.11887618740581,-3.87597906120139,2.5979093949332,-1.33708706774701,1.90239614358237,-0.0170096951278178,-0.0598321582796736,5.63281502637732,1.79252944526289,-0.855300513937045,-0.887026168829559,5.43920853406462,-0.195304137418266,3.22302788329122,2.76946227256826,-4.00172679894427,1.22396370544132,1.41156113923544,-2.0625577116061,2.72783974263547,2.57351825439189,-3.95825148487558,4.0296607798252,2.26826155962792,3.07437538886949,3.7549330264543,-1.96080326946001,4.7536538960971,0.283141496916816,2.02285578395806,-2.54473991636278,-0.313363862213843,-3.54857635086092,-3.05476647272852,-4.7621301175313,-2.95586454534105,2.53927948508296,0.210408874229388,3.76188971825678,-1.38544950382368,3.62327682160051,1.16554397614643,-0.0830913476224433,0.44,1
2.51853153987616,0.784657227509994,-18.3852845721498,-25.8000510760469,2.2463682620892,-0.718264576359074,11.1660153045356,0.0887547992352951,10.304253596576,-1.39913682898007,7.18278198862821,-0.958935465713577,-13.1550992366576,-0.615490348332313,-3.04840992854269,-2.78023103791064,5.76933038892222,-2.76966985965914,11.835308883091,4.8867672977283,-4.94787040426646,4.33610512334057,12.3069595657082,0.308603846532684,-2.46290209498502,0.955152605627525,-13.4375785020183,-3.32782950275899,7.15319329881166,-0.0112040570425985,-10.6864429059978,-4.17018831839908,5.75327455987287,-3.08717901919447,-6.26034520999513,4.4445159368666,11.731457539572,4.61483313748669,11.1129136558133,1.22097541268214,-3.64589282271236,-3.51382641333798,4.7684042943865,-1.37055468639656,7.31690047234365,0.462583133578529,3.8049431712625,1.16712065372783,-22.5211416984855,-5.84245528445376,5.09135781685883,-0.751669610993332,4.80558626135824,2.46208841068763,-0.340479201671604,0.491574853263568,1.17344445531757,3.25791781858587,-10.2612503612129,-0.159239292763568,-0.466251514030355,-0.9286918945567,9.77169347120656,-6.60671128100136,-13.8382828877402,-2.33556380394309,8.612699639265,0.463387964160309,-7.73449335430396,-2.56873511193359,-10.7518512848463,1.6871460490211,-7.60400274322594,0.720954947473871,4.20654926442283,1.40350463719723,-6.31066884710578,1.56716191153333,-7.61855374144512,-0.606635432183907,4.96005688226897,3.00608533034594,-5.28769820773226,-5.20761679242023,2.61299982338744,1.85689281176873,4.14907020901048,-0.762321902240821,11.7081982288329,0.429404612091417,-4.61295796148752,0.404265317129131,11.1156633746265,1.76118886269338,-5.82354500280077,2.15486930116291,-10.1176368792114,-1.50268165758063,-5.64157328839511,0.0423903143391414,-8.72865172378554,-1.38067998740962,-10.3979275630235,-1.76636994802755,-4.42739365072915,-1.63582700812007,-3.9896043962809,-0.77931350668571,5.76258972728541,-3.50342294880193,10.1442912926845,1.69269763938632,5.01284083553904,0.994186941563961,-9.70118624702749,-1.06885293871142,7.64197097071538,3.17813047365584,5.13211768666724,-1.19138890041864,-8.84890408270083,2.69641341863931,5.13714973118151,1.77019625098168,-7.77097494076015,2.82749715790708,-3.43668919754928,-2.74287994673866,-5.03401590965965,0.675589868065112,-5.84384625386878,0.188062091816583,-10.1862680855041,-2.35765078710777,-4.59315838193603,0.107482536880669,8.03241835362687,6.54650367681663,12.0144076876293,1.39184798332865,-2.99801208949581,-0.521444249002483,-6.39576083496349,0.09301848536922,7.78816510684476,-2.14982259469503,-1.74373367353141,-1.20511069162983,-1.15172170453544,-1.10562420987136,7.32839268491924,1.09778378090143,-5.98307811923464,-0.231456635305773,0.2,0
2.67651802455053,0.641788192701563,-50.1976847581672,-6.77988756908138,2.42046793248873,0.208530256072511,12.4335122210023,-1.3839224247761,7.46521129457138,-1.52133758521795,5.44740813980937,-0.735785143054243,12.3586282197759,-4.22452715902178,24.5757738058058,7.20913000229542,-11.7256525508983,-3.56405105873965,-12.9646643897646,3.35347823511114,9.44217765793501,-2.31882527833968,12.3466784063487,-0.781576655426663,-5.86977083225626,2.04954567375772,4.09343508369313,-3.90253815951928,6.79772035747318,-2.42015443858558,15.6626034119936,-0.00716989021089722,-13.8506656983825,0.534502889782634,12.7920839704486,-0.86261781406622,-7.56055292507295,1.13186333724579,6.03654055811003,1.73773935597534,12.690208221179,4.2161401560402,10.6395540372611,-2.4510991114393,10.9254658895945,-0.0903734108550127,-13.3173805677749,0.840617116140501,5.24629240468061,-1.26815281020216,-12.9937142918481,-2.2599266855852,6.11806742105409,2.07428423701016,-0.814667401624844,3.7612581724658,4.62144863968291,1.1846738884689,-9.67629619588844,-0.788153149626274,-11.7592766618561,2.1807490640255,-6.40860926458796,-0.9907164880465,-13.612121723015,-1.02187609228674,8.37151033129492,-0.672151486386692,13.9076866904233,0.947088215151,-8.14791952301006,2.17404766470478,-8.26284405655801,1.62155023586905,7.44419346721445,0.146932325603497,-5.25191512564363,2.3954205193206,-8.19359090878438,-0.429067580392939,-9.82003453278069,-0.636867036440416,-3.3342558488922,-5.37765822099748,3.69040099221146,2.18574128766406,10.7480303895466,-2.36022860948069,7.2299562446558,1.61722554664491,-15.7774283010355,0.85816174606576,-4.31517900254583,-2.4521373213449,-6.37144118601026,3.07152199906632,-10.6075113975528,-0.402971103460737,-5.65572616821339,1.75080406036104,6.84284468258026,1.97571103830556,-7.80071006246658,0.451899942658881,-3.43714202104966,-0.774552139897671,-5.83263562734438,-2.03880270354682,-11.0071149425725,2.54856817945355,10.1082357463517,0.799145746405999,8.02820321743105,1.96690823104354,1.8055315462399,-1.59676258361803,-7.16964470415233,0.635654745238927,-9.91780483864576,0.737748683220569,8.75132916788248,1.51140962839605,-11.614687968545,-1.46111851084463,-7.46850963492298,1.51890125028496,11.346942690981,0.649368314444842,-3.98507551332827,1.77468532917795,-4.39059946903801,-0.291238287054093,4.61238298170411,-1.45044861271888,5.39566798281931,-3.45241358086101,-6.18884316048207,-1.45527445848013,-4.46725228969231,2.73181445800701,-5.23702023528119,0.908563735424929,-6.97649183813699,0.718036745260976,9.33492832191262,-2.78017650614476,13.0125648051447,3.24118427970698,3.85692590095625,-2.40052391553371,8.63632899140618,0.995870422714405,-3.96190540319027,0.0165049301568129,-0.37,0
2.34437000021571,0.679824726554649,-43.8315757014852,-8.3682171706622,0.975941157492105,-0.485429657549475,7.40574886618963,-2.61465528443552,4.53421829190244,-4.43646530305192,1.08164235413121,-1.17611886141251,-3.39025062019866,-5.18114446302112,5.99248112220483,-1.85022164518582,4.69622662173795,-0.779140657290171,-1.59495164736651,3.3416177082995,4.51466093438488,4.27062512431279,4.03970525777387,-0.728992188511501,5.13660721539661,-1.00213075652971,0.461854979009163,-5.53144151735842,2.59771145464917,-3.9384321037939,3.28396968986875,-3.02523589673926,-5.06010419627757,-3.68586032613199,3.00004001892097,2.45831245194426,-1.93899355232734,4.99823854171319,3.23921703694409,2.19034901775561,4.92617941134932,-4.39227169444041,4.87526415616562,1.89748834695678,1.5973830762469,-2.45981421539436,-6.17897028560276,-1.21275177999206,0.111800694073976,-2.66213065623536,-0.393879636768996,-4.51480327901618,-1.69882404306091,5.03580949457863,-0.779443073727969,5.17008915719207,0.649999229722068,4.8524082245321,-5.22549935484168,4.87915081610874,-5.49405296609069,0.423097284136717,-2.75293501008932,-4.35854583453617,-4.99091584119294,3.08001981050716,6.53880542299103,-0.458682018680291,4.27703431900113,-4.75703797256782,-3.38918792853938,-0.0326301016654883,-1.80772053754933,6.0627900944019,4.97415740124675,2.49166794258346,0.0715750769903336,5.15727175830976,-5.51551763408503,3.15415183744184,-4.57395085151085,2.34749465258267,2.10259099309932,-5.52908067319214,-5.07983403048081,5.51883865753533,3.98382778939338,0.572480581298817,0.503050454010632,4.28553434537116,-5.30024987202314,-0.135466802802955,2.5595724644015,-3.92242684537149,0.877396859626296,4.29072222093654,-2.44594749615867,4.28785711835487,1.30103350603599,3.75584590151116,5.32275960636402,-0.504308613428277,-5.66608173563311,0.565759757360103,7.61941400517844,-7.36209768942816,0.502708876177718,-3.41249042496991,-5.11008647466504,-1.3731304871906,2.07634939293671,0.0560723303833722,2.47231654962451,-1.81507926909881,-0.0874136181582893,-3.74858161489282,-2.81581599940852,-0.448669440258803,-4.78471196775397,-0.475217605899691,1.75827435239656,3.19289428752842,-5.09659731298958,0.38304126061457,-4.5977467757547,-2.19268143527959,3.65671035851886,-1.06910221078375,1.73208127331512,4.57051389575065,-2.35369009862488,-1.98173433155251,-1.67285097277842,0.825609890071264,-4.69737631613728,-3.11559797925654,-1.04329293595329,3.72095022295426,3.0356847021119,-2.17812913972617,-2.67504290509772,-1.84055031379998,-1.41394099599084,4.01688181701381,3.46270052127578,3.15376327838762,4.8161548072104,0.215948805634856,1.06307427316316,-2.44336044494288,3.46763020219331,-1.44904725621041,-3.18312584344851,0.162662365822229,0.09,1
0.265952472211532,-6.17609687828711,-2.53210262882344,-6.37011662293873,0.364166634095205,-0.529343180895011,1.71253639919407,0.867491899080444,2.97951543806249,0.320879201945565,0.555889105766085,-2.07707266799029,-5.71160690881892,-0.478037372894582,0.516706314371193,1.14474291797357,-1.82137218369887,-2.06178540970357,2.28606457975384,1.98837000478287,0.146209125134603,-0.55970802828725,-1.37453007732337,-0.848483253319684,-1.60451185910241,-1.81992775456168,-0.319094954438846,-0.590119263544438,2.41078448576166,0.0922049285050465,-0.560422002695172,-2.11847398374225,-1.22183564055816,-0.970412013139291,-1.09474954527587,0.285245726961812,-0.69290485137277,-1.06624676140821,1.25143195935591,-2.63557866839446,0.540638215502269,0.845219236760447,-0.00430836417878729,-0.523701774017196,-1.28856772082671,-3.41955086444738,-0.134355932793363,1.88916573818414,-3.07710218060258,-0.41513947446912,0.91574150757923,0.305102254510502,-0.832345971176022,0.0693313380005419,0.447669799886584,1.0060636413296,1.67107166251124,0.431397694743073,-1.8840230887543,3.80612122173787,1.56831805368161,0.891049998580285,-2.48827586670974,1.03883085228718,-0.0802223683282966,0.0381214620219842,1.96919953699261,3.23757895968965,3.04427913555683,5.60130001627406,-1.95044044216137,-4.12749524906358,-0.0224727351783111,0.805422020733024,-0.0443085240016784,-1.42044681523534,1.09286990505952,-0.491589780337901,1.35308884862579,0.470640416262997,-0.634917339737928,-0.0794516021469041,0.341582624294113,0.573919089586419,-2.51036240356903,-2.78473206572971,0.811117305759287,1.47947969843531,0.127294024170613,-0.761630864165772,-1.32736272969829,0.412128099465822,-0.194857841382879,2.83065329384428,-0.397971210200117,1.43969356321439,-0.828160495295045,-0.00829788829426395,0.329951528330209,1.28347063217694,-0.0612581973629745,-0.0714330159864423,-0.639600561671357,1.3842773045642,0.585447821149963,4.6670904257645,0.6288686843583,0.465896183521992,-0.39757052610864,0.980147617774042,-2.71015644476753,0.683533703751894,0.552308824900944,-2.49988855260474,0.464800414098703,1.1826927966776,0.90047850356763,-2.47329837015411,-0.463031377900813,1.83629897415117,1.08392860142918,-0.73947516951529,-0.214176730283014,0.796429071460826,-0.597119691703331,0.012414272749155,1.62008169790812,0.18658414331782,-0.831260781976847,-0.8009188792621,-0.603148615872737,-0.640205200576715,-0.00247589152866473,0.0911793463660657,-1.57576310324169,3.04383262819072,0.882414427399239,-0.921982414784608,-0.0546774856442929,-3.41304563105028,2.58070899564502,1.63222109238484,0.265648737118627,-0.653462473479164,-0.932702138983224,0.769500596601449,-0.846429852161514,-1.37742178147014,-2.65213292280415,-0.596930928948625,-0.243282086236834,0.149032622907055,-0.385626978063187,-1.84042497393289,-0.5,1
2.21775514260202,0.806732875336556,-30.8190569527653,-3.99004474150085,0.397078702075411,-0.511511323587904,6.02170071989201,-0.599634394468516,3.67190175261221,-2.71473879381087,-1.08086249536237,-1.96043162715724,-0.588684961064365,-3.45403322137117,4.61428624702746,-3.34210336434636,1.42993984967474,-1.84847690434706,-1.7560882267546,1.11182606544116,2.40629563406335,3.71094012031697,2.91762877113459,-1.61359868281687,12.2829118848028,17.9191437178796,2.64977356586555,-3.13636690409068,1.89918807471729,-2.67595536591568,2.11814883573817,-2.49257987312419,-1.83386691889131,-4.86162971404682,3.07036396905532,2.07957519207287,-0.578786540752963,6.14512586095027,-0.687695051508856,0.602854357534137,5.11248030513738,-1.33972755127937,4.79468762350908,2.25770848069638,1.51783581846462,-0.657353991703165,-2.46448760073957,0.419518614364205,1.03536684152282,-2.64164784486489,-0.991115233690514,-4.42027330441513,-2.371750382744,2.00297969496715,-1.07419480289601,3.18040038205066,1.09078491105915,2.26860188138666,-0.222047371468073,-3.5793251825461,-3.45084560401229,-2.69458964177179,-3.86707221733504,-1.54707541567977,-1.70526468908281,3.80975501086059,-0.591400625839795,-5.57467455134353,0.287123266658779,-3.52811928308695,-1.4909300300851,1.11246830601444,0.659825572383045,5.21394112119732,4.14589980536068,3.25909491122366,-1.11538608801643,2.22721101872786,-3.87636803416961,2.93671547651719,-4.39268126121733,0.975324857460513,-0.692834949892935,-4.20749120140376,0.28450019788084,2.70654510812544,1.45052139269249,0.999256180807189,0.766819600139058,1.72851104565145,-5.76769086416376,-1.78104499095129,0.657816159889397,-0.781416772520476,-0.164820700727625,2.85545265102602,-3.0123941815467,0.0946121978326348,1.70240348312008,2.37526659147094,3.51486088938472,-2.08337275057408,-4.24256479601493,1.08179843647363,0.605297499904998,-0.60509104754819,-1.04481809983355,-0.0600276798612963,-2.95037932491663,-1.20713649982754,1.62663074793631,-2.10273693668569,1.47561192678508,-1.25209219648956,-0.920660902273825,-3.57084722458524,-0.601263270441221,-0.848687129426217,-3.66304026339069,0.864254230758646,2.36552440012376,0.522317904385918,-2.9405629010723,1.25766358835662,-2.23293385605301,-0.841752710901789,2.41851815734516,-3.1679777616548,0.535722160682792,2.04082903344192,-3.18465170073346,-0.973950783153003,0.452181951452286,-2.59161857151923,-0.465457925305603,-1.7013376675684,-1.08841768645013,4.36811294859795,-1.70184446699664,2.85395685841523,-1.73301664228087,1.50741973898339,-1.74818599345529,1.44701241467244,2.62933771570334,3.46318455927938,1.37478646311753,-1.28871638846548,0.246617761043822,-0.0767772732446288,2.52533618706756,-2.5635443138576,-0.553772544082838,-1.99492282194468,0.23,1
-0.072891517959129,-5.46042822098414,61.900609037182,-39.8793368690596,-1.73297613367474,-3.3740120098145,-9.41731616299502,12.8431457804289,-1.96116003762232,11.8425284496418,0.906836625962481,5.28694985132353,-3.42706002759138,3.97323304906511,-6.03323083427568,18.8339048490398,-4.07396190198745,9.36963170150785,4.60807985317768,-6.05227439297238,-7.48306615372,-8.83747595191919,-1.87445408257371,10.0563923654746,-2.87519746710059,-0.271905603663107,-4.32714533003058,2.73015704496195,2.48992676745982,4.7115294546476,-5.07613484935263,5.94036675254988,3.90791951164945,8.5965958866334,-4.88128268600593,-9.39065115512056,7.09893029857426,-5.49228010570366,0.336188198242083,-7.81380911667026,-9.3906630174655,3.51742562973904,-4.46693667151101,-8.37772006630787,-3.24701369539099,5.580466671262,5.59144844172488,2.92874731963244,-1.70645204420797,1.35841404232567,0.442129750703779,9.3215291887651,3.86952362537639,-5.09222950422769,-0.850619664480118,-7.09096444905561,1.13349247711972,-10.4685421670891,-1.38978055962036,-2.3126407911353,8.91786519184103,4.96011765625255,6.43108557997202,5.62171128628074,2.5943349275273,-5.130357409996,-0.284293855930832,7.07451045038571,-4.78054956271858,3.85797978534416,-2.82418541786319,3.8033044957671,1.14908749603642,-5.69433709014624,-7.93705512758319,-3.2942105695551,-2.24407857827322,-6.01225463138392,3.7138042422719,-3.92429494955506,4.62256410384788,-7.66565956378054,-4.69882958250507,7.21265584005432,2.41528283248953,-4.50244646125828,-7.40360854393623,-4.35565777622233,0.501932158404731,-6.20130283908161,6.25370600841218,4.95176461583577,-1.67636367299014,6.71118021856237,-4.67339101570345,-3.34331478165876,4.53820209994593,-6.8337889848415,-3.56274663825623,-5.7320436747445,-4.06899148828708,5.98494545674509,5.70947043359201,-3.90583448158212,0.351076865631031,3.30792235445292,-0.0654400188115751,4.05652530782963,8.45504075364379,3.85358577081697,-3.10921712405619,6.45285176845125,-6.14194456748018,3.13012558010606,-2.21177880557232,5.96392137373671,-0.202987802956526,3.80339934534553,9.5207556886416,-0.61523742386527,-2.89982147182631,-1.94253678573619,4.36937320443717,-5.78874867204691,5.66432444352731,4.42366482906495,-4.5018742319962,0.686894993916735,2.40538915879603,-2.76020930286156,5.45953977586574,3.39811109728655,-0.77647418492227,3.00357367494288,5.14758358246925,3.89463305586489,6.79116227916401,-2.99904206608439,-0.44901433766869,-3.42095188933253,5.18864966664518,-5.01538521467876,2.66555512317804,-1.73179484207452,-5.47970043927061,-0.704603385419039,-4.06508799791832,5.88226942849866,-2.74711253012286,5.31099454277718,-0.49070096018423,6.6236376689065,5.71492834238803,-3.31735714605436,-0.84,1
2.68851351137608,0.769509987394259,-4.41074596557126,-17.6978809445523,0.291609437942753,0.815411420136312,1.43906140478317,1.78178077557841,1.2719082497777,-0.59679594738188,-1.6159416059933,-2.4477648626669,-0.0440594936816247,3.46756353557729,0.749157688110055,-0.799289285399373,2.62570131606849,0.285481974378977,4.90583605279471,2.72940350241506,-0.958148146916431,2.67672418636395,-0.914181279900948,0.763431018630878,2.04464994976679,1.67762316675594,-2.28560644449469,4.9543500326048,2.27024815933658,0.382869503196568,-2.16229084269392,-3.45998702640862,-2.56731731286551,-0.312213933741128,2.42160407509089,-0.818720429833497,2.22826631580524,2.00345104955519,2.4830899358022,1.03311934414326,-0.159542861441974,-1.64798560887277,-0.546622618570163,1.39029909299338,-1.35443757275512,-2.04246559551358,1.33292696291828,-1.16803772949316,1.08620648492886,-0.940639622667692,-1.02983923719087,-0.965781241877268,-4.52415941679399,0.854132464005485,0.214614639908225,1.00212596243604,0.692731264843951,-2.29525314518614,-1.99961071358595,3.02210524339969,-0.0159674632724915,0.596196013843673,-1.18589421439005,0.248622320191087,-0.588829248763788,1.85742490540786,-0.153661383992042,-3.71671913438905,0.526251238175165,-2.18572687923408,-4.23612101898093,-5.85417087603975,3.00930711866348,0.0568382821573671,0.917912665959909,1.72922234643943,0.31591646820964,-1.0502339314287,-0.864032896716656,2.58513878573981,0.773175290465888,-0.396973025138813,-0.955944510947953,-1.8990059147651,-0.451123842918185,-1.46326165907668,-1.98686772609898,2.72317657645976,0.209843513292929,0.24492896553592,0.512869414671496,-3.40578135151868,1.4629773443037,1.82785787312481,-2.43479547287541,-0.171122526913803,-0.0461661371464945,3.00908305736735,0.608715464538678,-0.0602873494715512,0.0900364611833623,1.01651037815229,0.205584487132087,-1.83480368035639,-1.7614598928135,-1.44978868933559,-2.60855718985896,0.968793887782187,1.08721726987744,0.680935372985721,3.31647252710177,-0.450298927990629,-4.51780662866341,-2.79504507035883,-1.91052677618989,0.111091963913122,1.10986778855236,1.54128599350284,0.941896270357727,-5.31379816683218,-0.466492869660188,-1.04530231794608,-0.175579250323756,-1.90524865443288,1.9179461220314,3.80668027910524,1.61934111116405,-0.368347303007628,1.85347914605656,1.55817985731965,0.0127249440237213,0.356079959454954,-0.583092232892773,-2.01614083883356,-1.16543291338567,0.458455591639226,1.50448095118952,1.07942176823838,-0.10604397154946,0.427448890584828,-0.868731919271115,-0.945981471461799,-3.57533508739465,-1.52209146810027,0.383066762934267,1.36010411328639,-1.50669086643688,-1.06660575997152,1.50865432536625,-2.25120993591227,-1.65584555812574,-0.543825249200852,-0.000614759763438,-1.27844134200287,-0.66,1
2.38090615689783,0.834849118740102,-11.8922543005972,30.4398862097508,-1.15629685615479,-1.09860308164664,-1.25618161940066,-7.28657657610891,-2.65839788100105,-4.13632799850642,0.728292894428469,-1.81369694730307,2.81304771341927,0.0744954351080225,2.19233427531932,-0.956828867982118,-0.332295181620452,-3.92773255539195,-2.42622469284249,1.54021610565655,0.562247485101134,6.75865408610295,4.95426006109321,-2.16350044458632,1.60200727956583,-0.823163305179947,0.575077520923886,-4.69609777369577,3.29600783779613,-2.2690862354332,4.57572564918192,-2.1261405400641,-0.287485587254689,-4.80415582511002,0.665835739684573,3.17794593640855,0.521859824096687,-0.773377113175058,-3.49161577455516,-0.0911033321815587,0.554358223026325,-1.02741187908653,1.36420117501749,5.20863625398554,0.615482713288969,-1.29336927747619,0.998975601240078,-10.3195547154131,-0.615474790313217,-2.0426538722573,-0.404429792655199,-1.47991134938099,-2.25548312876072,4.57685101004303,0.703772532504287,1.49525286628855,-3.49469211716074,0.654643819308483,2.60104643421822,0.349254503245519,-0.482836836409819,-3.24733974309565,-1.94510448880177,-7.4791480599777,1.59203346706319,3.30591708543281,-0.966777830262926,-4.93636524634774,-0.0318068362919396,-2.32339646494067,3.2416509640459,6.13422494456304,0.759929814921126,-2.45834295145382,2.12289268875448,-2.89210026953904,4.1147097047781,-1.53194419949742,0.420236285010458,-0.957758674026772,-0.0579088687886616,3.6134927075877,1.22269685008817,-0.317091447478166,-0.82507741266745,4.01758530462503,0.961469796109958,1.59697271653368,0.867672463697289,7.74395841762955,-0.925609864630063,-5.72079901058496,2.36114751604463,-1.83917003506157,2.78558719041069,4.46381626026948,-1.44368096450785,1.26581418047586,-2.13047560541478,-0.841204586989956,1.60451039113049,-4.07125183834155,1.36243335239723,1.39518824318628,-2.71405582282754,0.872861783839503,3.39844145412901,6.53579150518518,-2.75822670518672,-5.67869656373597,-1.22782784934973,3.67014723580819,1.66455359167217,-1.23657184464649,4.08536724513289,-1.79465396556776,-3.21734127645922,-1.4696747306888,-3.00095542673573,-5.21070544463706,2.02117384346503,-0.666287972071176,-2.5045176633416,1.28577587084002,-0.0669972630841291,-4.37945462318899,0.425855085348218,2.27854273602636,-0.489135639284529,1.44696227000983,-4.27296295619554,-0.274488064264765,-0.228168635348036,-1.75110611179375,-0.161750225373034,-8.11132326614142,-3.59219716013434,-0.758307047710783,-0.971977560079062,-2.12028384216391,0.172476505993449,-2.16491439728149,5.02875743519653,3.01418906742539,1.30251528967019,3.5758927375403,4.15627220897864,-0.603803297125568,-0.149446858115417,-3.45661308265195,-1.14243235624794,-1.23015528859077,-0.331027839693021,-0.0711086596883654,0.01,1
-5.08965058204607,3.28443816994894,47.6909338030869,-27.6575566945294,-0.47413585604187,-0.144423008545384,-6.4976099160521,3.45630271407054,-3.55422167418766,13.8807467430428,-2.96921221413421,9.34616576378913,3.66266647334353,8.92594393451486,-4.63636620954395,-0.725010108615267,-2.26952214325256,10.3850072547645,4.35627781942247,-7.78196520284488,-6.96115509429472,-3.42976983299056,-1.00704050477665,6.00093304578734,-4.78475784737353,-0.646598496716709,1.15983820224204,5.40288111479907,-6.24306461054958,9.06702902894178,-2.14400967839928,3.19499436331664,0.0100812624969947,5.33067706111221,-1.67459791480938,-8.76172532284123,5.40030440806654,-3.6302650826094,-0.559993551248706,-11.2382216089158,-6.0123816328388,1.58722436442022,-0.71034303939342,-0.45252284997748,-3.05283967719886,10.918159049281,5.28256163092584,-0.0794808775640054,-4.04835724939248,2.25575168431763,-0.729399117604091,7.73090650753084,-1.49624188988712,-7.75233151571442,1.89436870182828,-6.14206429349362,4.02043197746572,-8.0355340120657,0.624408756857722,-8.95951781038037,4.30772934642966,3.22009918624788,3.77191464320715,5.40342740466169,3.04792202772514,-6.82174432690422,-3.68205301672518,3.17175083821785,-2.1434499453435,9.67346294278362,2.1954137294596,4.52296664802745,-1.21215422116718,-4.3396302197509,-2.11411601749922,-1.68691916794942,2.67417546600306,-7.8515245602739,2.8338887700386,-2.88128398766275,4.27258726408828,-2.43864211348508,-5.8951214522854,6.45360150446987,0.49399490339814,-7.21483010116949,-3.64517873946162,-11.2261750592771,-1.35645134194076,-7.9569943258166,1.49332933424162,2.8278640531899,-2.06853856068376,4.76744921397242,2.34218577179469,-4.25317500027095,1.58522837849636,-3.54898532105194,1.74905684038353,-4.69654683159269,-4.28177764462142,-2.05033444531398,4.61791468320314,-1.59856196940759,-3.26518029110275,-1.53323899109907,-0.938184435435739,3.81534418295377,6.71585666328002,1.46376146153877,2.06171758594097,-0.0626701797323952,-4.97612339113957,3.59368775555404,-0.24558965994769,4.08370737415919,-1.74564929402464,-2.352638770361,4.79276725638644,0.272793670597505,-3.1981345888315,1.73163779571704,5.19596324378553,-2.12498257155219,5.57665451150562,2.88978747074231,-1.31858329157371,3.17221634914322,0.159762109995517,-7.5293465597192,3.87233815381017,5.42314370480269,-0.637384227174457,7.49274144061061,-2.97380469786764,1.26055249182932,5.15778354565241,-5.17458006228473,-3.28234205184421,-0.208430920707889,4.12924956369007,-3.93746445927177,0.281170496800392,-6.25323652291893,-3.24527322456778,-1.33556764265822,-2.707492416044,2.81195819274201,-2.75825597354371,3.46616524410963,-1.47132162779632,7.20817884885952,2.60629927608293,1.8628600408001,0.28,1
2.46156369613157,0.777730558500958,36.2007967935167,35.8638655873456,0.486014481404109,-0.612231088807959,-35.892544715855,-10.4095413992642,-25.1522364867419,-4.50286048615081,7.49431532645881,-0.16223254524037,16.5673385933475,-4.59405529283953,-7.8199603228822,-3.85335437830914,-16.7463060134631,-2.2599266382612,-7.73390733052408,1.36228747857287,10.1894543599894,-3.25269374905652,-11.609967911544,-3.06859127910978,-5.77551169271188,2.18997157597621,4.80918427229898,-1.93472336334172,4.54205995896403,-1.49400879367051,14.4140975411643,2.04407575848861,13.6860941508972,-3.99776745511182,-8.66410572378724,5.14240411502433,-5.96716950048255,-0.678281277730661,-16.5496356438061,1.52181036688833,-10.926722651957,-4.82790523154205,-16.2206867316229,3.15838853423384,12.2162228362408,0.548497901164717,7.75216169637875,1.24332485689971,5.2350430722956,-0.305969381519312,-11.0566172579448,-0.213577350868633,9.46248429692931,1.96365609020826,11.7506844566293,2.86529800982474,-16.6799806605454,0.81272519924307,9.9508002561871,3.14288744398197,10.2695559566634,-3.93357350088418,15.8139949986239,-7.40253397353957,11.384516014705,4.33980538760567,-13.7079699289587,0.847414540123064,-9.27184248774114,-2.13916304681944,9.79633243553369,-3.10435591627447,-10.4051363793631,0.768866563799705,-12.3021454177534,5.4569865818032,-6.01607465591747,0.18627334676429,17.4318029792232,4.71121533502513,13.5125192150034,3.72416209546972,-4.66532073071547,-5.61018744796449,7.52283197843772,1.82271195908001,9.63749762331271,-2.22113386677435,7.70757307917951,0.638012609192155,12.2382626646234,0.266202324956181,-7.95090982682641,-1.936925966334,-8.0393425820975,0.825984461709194,13.6384110378579,2.49696987147025,-5.92198119003013,-0.147638608220255,-12.1747212439114,-2.49146708167568,8.84233626288448,3.75085625438347,-4.33025952469858,0.238936447133444,18.7314073269883,-2.85263950170748,10.2682708419255,-5.90133808727009,9.01143093661158,3.02668642843485,6.4853625604456,1.24504270599154,9.21770067759726,-0.6015905567521,-2.3234102288697,0.635344013135077,7.18382728780955,-0.370438016493038,-10.1440130692291,2.57160226495575,7.55347175132939,1.61194267647849,1.55074003280174,-1.23562693958338,-4.74755844136579,-1.90388884590778,-10.0540673206065,0.134688212847356,9.6442358819602,-4.59596159634879,5.95171675466218,-0.0675570781883014,10.8810736918727,-3.90509430375367,-7.72253445956966,-4.93557252617033,-5.21365837113136,1.38046679075057,-4.64107716151868,0.247581247698419,12.2978304402392,2.04581583014084,-7.34423248957563,2.67418554945878,-5.30198636145087,-1.76834048061992,-2.78840916221958,-0.522785175630528,-7.76073993611341,-1.16565550414725,11.4621549090589,-0.639356389999949,-0.8,0
